timestamp,ip,user_id,method,uri_path,browser,status
11/Nov/2025:19:36:20 +0000,172.16.115.116,GUEST,GET,/~gbrugnara/login.php,Chrome,200
11/Nov/2025:19:36:24 +0000,172.16.115.116,GUEST,POST,/~gbrugnara/login.php,Chrome,200
11/Nov/2025:19:36:24 +0000,172.16.115.116,1,GET,/~gbrugnara/admin.php,Chrome,200
11/Nov/2025:19:36:26 +0000,172.16.115.116,1,GET,/~gbrugnara/admin.php,Chrome,200
11/Nov/2025:19:36:29 +0000,172.16.115.116,1,GET,/~gbrugnara/admin.php,Chrome,200
11/Nov/2025:19:36:33 +0000,172.16.115.116,1,GET,/~gbrugnara/admin.php,Chrome,200
11/Nov/2025:19:36:41 +0000,172.16.115.116,1,GET,/~gbrugnara/admin.php,Chrome,200
11/Nov/2025:19:37:08 +0000,172.16.115.116,1,POST,/~gbrugnara/manage_flights.php,Chrome,200
11/Nov/2025:19:37:08 +0000,172.16.115.116,1,GET,/~gbrugnara/admin.php,Chrome,200
11/Nov/2025:19:37:09 +0000,172.16.115.116,1,GET,/~gbrugnara/logout.php,Chrome,200
11/Nov/2025:19:37:09 +0000,172.16.115.116,GUEST,GET,/~gbrugnara/index.php,Chrome,200
11/Nov/2025:19:37:16 +0000,172.16.115.116,GUEST,POST,/~gbrugnara/index.php,Chrome,200
11/Nov/2025:19:37:23 +0000,172.16.115.116,GUEST,POST,/~gbrugnara/index.php,Chrome,200
11/Nov/2025:19:37:25 +0000,172.16.115.116,GUEST,GET,/~gbrugnara/login.php,Chrome,200
11/Nov/2025:19:37:30 +0000,172.16.115.116,GUEST,POST,/~gbrugnara/login.php,Chrome,200
11/Nov/2025:19:37:30 +0000,172.16.115.116,3,GET,/~gbrugnara/user.php,Chrome,200
11/Nov/2025:19:37:34 +0000,172.16.115.116,3,POST,/~gbrugnara/user.php,Chrome,200
11/Nov/2025:19:37:37 +0000,172.16.115.116,3,POST,/~gbrugnara/book_flight.php,Chrome,200
11/Nov/2025:19:37:37 +0000,172.16.115.116,3,GET,/~gbrugnara/user.php,Chrome,200
11/Nov/2025:19:37:40 +0000,172.16.115.116,3,GET,/~gbrugnara/logout.php,Chrome,200
11/Nov/2025:19:37:40 +0000,172.16.115.116,GUEST,GET,/~gbrugnara/index.php,Chrome,200
11/Nov/2025:19:50:33 +0000,172.16.115.116,GUEST,GET,/~gbrugnara/login.php,Chrome,200
11/Nov/2025:19:50:34 +0000,172.16.115.116,GUEST,GET,/~gbrugnara/index.php,Chrome,200
11/Nov/2025:19:52:27 +0000,172.16.115.116,GUEST,GET,/~gbrugnara/login.php,Chrome,200
11/Nov/2025:19:52:28 +0000,172.16.115.116,GUEST,GET,/~gbrugnara/index.php,Chrome,200
11/Nov/2025:19:52:29 +0000,172.16.115.116,GUEST,GET,/~gbrugnara/login.php,Chrome,200
11/Nov/2025:19:52:29 +0000,172.16.115.116,GUEST,GET,/~gbrugnara/index.php,Chrome,200
11/Nov/2025:19:52:30 +0000,172.16.115.116,GUEST,GET,/~gbrugnara/index.php,Chrome,200
11/Nov/2025:19:52:32 +0000,172.16.115.116,GUEST,GET,/~gbrugnara/index.php,Chrome,200
11/Nov/2025:19:52:34 +0000,172.16.115.116,GUEST,GET,/~gbrugnara/index.php,Chrome,200
11/Nov/2025:19:52:48 +0000,172.16.115.116,GUEST,GET,/~gbrugnara/index.php,Chrome,200
11/Nov/2025:19:52:48 +0000,172.16.115.116,GUEST,GET,/~gbrugnara/index.php,Chrome,200
11/Nov/2025:19:52:49 +0000,172.16.115.116,GUEST,GET,/~gbrugnara/index.php,Chrome,200
11/Nov/2025:19:52:53 +0000,172.16.115.116,GUEST,GET,/~gbrugnara/index.php,Chrome,200
